Review,Rating
"nice hotel expensive parking got good deal stay hotel anniversary, arrived late evening took advice previous reviews did valet parking, check quick easy, little disappointed non-existent view room room clean nice size, bed comfortable woke stiff neck high pillows, not soundproof like heard music room night morning loud bangs doors opening closing hear people talking hallway, maybe just noisy neighbors, aveda bath products nice, did not goldfish stay nice touch taken advantage staying longer, location great walking distance shopping, overall nice experience having pay 40 parking night,  ",4
"ok nothing special charge diamond member hilton decided chain shot 20th anniversary seattle, start booked suite paid extra website description not, suite bedroom bathroom standard hotel room, took printed reservation desk showed said things like tv couch ect desk clerk told oh mixed suites description kimpton website sorry free breakfast, got kidding, embassy suits sitting room bathroom bedroom unlike kimpton calls suite, 5 day stay offer correct false advertising, send kimpton preferred guest website email asking failure provide suite advertised website reservation description furnished hard copy reservation printout website desk manager duty did not reply solution, send email trip guest survey did not follow email mail, guess tell concerned guest.the staff ranged indifferent not helpful, asked desk good breakfast spots neighborhood hood told no hotels, gee best breakfast spots seattle 1/2 block away convenient hotel does not know exist, arrived late night 11 pm inside run bellman busy chating cell phone help bags.prior arrival emailed hotel inform 20th anniversary half really picky wanted make sure good, got nice email saying like deliver bottle champagne chocolate covered strawberries room arrival celebrate, told needed foam pillows, arrival no champagne strawberries no foam pillows great room view alley high rise building good not better housekeeping staff cleaner room property, impressed left morning shopping room got short trips 2 hours, beds comfortable.not good ac-heat control 4 x 4 inch screen bring green shine directly eyes night, light sensitive tape controls.this not 4 start hotel clean business hotel super high rates, better chain hotels seattle,  ",2
"nice rooms not 4* experience hotel monaco seattle good hotel n't 4* level.positives large bathroom mediterranean suite comfortable bed pillowsattentive housekeeping staffnegatives ac unit malfunctioned stay desk disorganized, missed 3 separate wakeup calls, concierge busy hard touch, did n't provide guidance special requests.tv hard use ipod sound dock suite non functioning. decided book mediterranean suite 3 night weekend stay 1st choice rest party filled, comparison w spent 45 night larger square footage room great soaking tub whirlpool jets nice shower.before stay hotel arrange car service price 53 tip reasonable driver waiting arrival.checkin easy downside room picked 2 person jacuzi tub no bath accessories salts bubble bath did n't stay, night got 12/1a checked voucher bottle champagne nice gesture fish waiting room, impression room huge open space felt room big, tv far away bed chore change channel, ipod dock broken disappointing.in morning way asked desk check thermostat said 65f 74 2 degrees warm try cover face night bright blue light kept, got room night no, 1st drop desk, called maintainence came look thermostat told play settings happy digital box wo n't work, asked wakeup 10am morning did n't happen, called later 6pm nap wakeup forgot, 10am wakeup morning yep forgotten.the bathroom facilities great room surprised room sold whirlpool bath tub n't bath amenities, great relax water jets going,  ",3
"unique, great stay, wonderful time hotel monaco, location excellent short stroll main downtown shopping area, pet friendly room showed no signs animal hair smells, monaco suite sleeping area big striped curtains pulled closed nice touch felt cosy, goldfish named brandi enjoyed, did n't partake free wine coffee/tea service lobby thought great feature, great staff friendly, free wireless internet hotel worked suite 2 laptops, decor lovely eclectic mix pattens color palatte, animal print bathrobes feel like rock stars, nice did n't look like sterile chain hotel hotel personality excellent stay,  ",5
"great stay great stay, went seahawk game awesome, downfall view building did n't complain, room huge staff helpful, booked hotels website seahawk package, no charge parking got voucher taxi, problem taxi driver did n't want accept voucher barely spoke english, funny thing speak arabic called started making comments girlfriend cell phone buddy, took second realize just said fact speak language face priceless, ass told, said large city, told head doorman issue called cab company promply answer did n't, apologized offered pay taxi, bucks 2 miles stadium, game plan taxi return going humpin, great walk did n't mind, right christmas wonderful lights, homeless stowed away building entrances leave, police presence not greatest area stadium, activities 7 blocks pike street waterfront great coffee shops way, hotel mantained foyer awesome, wine tasting available evening, best dog, taking st. bernard time family, safes hotel located service desk room, bathroom huge jetted tub huge, funny house keeping walked girlfriend getting dressed, did n't hear knock doing turn service, screamed girlfriend screams hit floor laughing, started talking spanish worked, place recommend price, check online deals just good not better, besite contains deals vouchers travel websites n't tell,  ",5
"love monaco staff husband stayed hotel crazy weekend attending memorial service best friend husband celebrating 12th wedding anniversary, talk mixed emotions, booked suite hotel monte carlos, loaned beautiful fan-tanned goldfish named joliet weekend visited dogs worked desk human companions, room decorated nicely couch used pillows, l'occitane bath amenities welcome sight, room quiet peaceful, wireless internet access wonderful server went morning leaving problems printing boarding passes, afternoon reception serves oenophile-satisfying wine australia scrumptious cookies, restaurant closed renovation stay finally ate food good drinks better, word caution restaurant larger person not sit booths wo n't fit, 5'6 125 lbs husband 5'9 175. table smack-against stomach couple inches space mighty uncomfortable patron larger pregnant, bad design opinion place decorated funky welcoming way metal wood handblown glass light fixtures expect seattle capital glass art industry, definitely stay reason,  ",5
"cozy stay rainy city, husband spent 7 nights monaco early january 2008. business trip chance come ride.we booked monte carlo suite proved comfortable longish stay, room 905 located street building, street noise not problem view interesting rooms building look dank alley midsection large office building, suite comfortable plenty room spread, bathroom attractive squeaky clean small comparison generous proportions sitting sleeping areas, lots comfortable seating options good lighting plenty storage clothing luggage, hotel staff friendly efficient, housekeeping staff did great job pleasant, requests responded quickly.the location quite good, easy walk pike street market seattle art museum notch shopping dining options.a positive experience,  ",5
"excellent staff, housekeeping quality hotel chocked staff make feel home, experienced exceptional service desk staff concierge door men maid service needs work, maid failed tuck sheets foot bed instance soiled sheets used, staff quickley resolved soiled sheets issue, guess relates employee not reflection rest staff.we received excellent advice concierge regarding resturants area happy hour wine tasting nice touch staff went way make feel home.great location like close good food shopping took play 5th street theather well.pikes market pioneer square access mono rail short walking distance,  ",4
"hotel stayed hotel monaco cruise, rooms generous decorated uniquely, hotel remodeled pacific bell building charm sturdiness, everytime walked bell men felt like coming home, secure, great single travelers, location fabulous, walk things pike market space needle.little grocery/drug store block away, today green, bravo, 1 double bed room room bed couch separated curtain, snoring mom slept curtain, great food nearby,  ",5
"excellent stayed hotel monaco past w/e delight, reception staff friendly professional room smart comfortable bed, particularly liked reception small dog received staff guests spoke loved, mild negative distance uphill ppmarket restaurants 1st, overall great experience,  ",5
"poor value stayed monaco seattle july, nice hotel priced 100- 150 night not, hotel takes beating quotient, experience simply average, nothing exceptional paying 300+ n't ca n't terribly disappointed, wife stayed nicest suites 200/night felt like overpaying, best advice shop, quality-wise league average marriott nice best western,  ",2
"nice value seattle stayed 4 nights late 2007. looked comparable hilton marriott westin area points/miles n't gave monaco shot, pleasantly surprised nice room service quick tasty bed especially comfortable unlike people nothing positive things say service, downside relatively small exercise room treadmill heck east coast time ran person 5 days, definitely stay,  ",4
"nice hotel good location hotel kimpton design whimsical vibe fun, staff young casual problem hotel busy stay friendly helpful, group reserved rooms gave connecting rooms fuss, not busy week.the rooms decent size not huge pretty average city hotel, beds nice bathrooms clean bright pocket doors ideal busy bathroom, room design bright cheery flat panel tv, location little noisy fine 5th floor, location convenient walkable attractions new central library sam art museum benaroya concert hall pike place market, parking steep 29/night, evening wine receptions popular,  ",4
"nice hotel not nice staff hotel lovely staff quite rude, bellhop desk clerk going way make things difficult, waited forever check heavy bags no help getting throught double doors room, worst desk clerk checking tap tap tap car waited pick 20 minutes, got home noticed 1,000 dollar hold credit card took 5 phonecalls 2 faxes 1 week resolved, stay warwck 4th lenora rooms ok..but al friendly faces tiring day airport,  ",3
"great hotel night quick business trip, loved little touches like goldfish leopard print robe, complaint wifi complimentary not internet access business center, great location library service fabulous,  ",4
"horrible customer service hotel stay february 3rd 4th 2007my friend picked hotel monaco appealing website online package included champagne late checkout 3 free valet gift spa weekend, friend checked room hours earlier came later, pulled valet young man just stood, asked valet open said, pull bags didn__Ç_é_ offer help, got garment bag suitcase came car key room number says not valet, car park car street pull, left key working asked valet park car gets, went room fine bottle champagne oil lotion gift spa, dressed went came got bed noticed blood drops pillows sheets pillows, disgusted just unbelievable, called desk sent somebody 20 minutes later, swapped sheets left apologizing, sunday morning called desk speak management sheets aggravated rude, apparently no manager kind supervisor weekend wait monday morning, young man spoke said cover food adding person changed sheets said fresh blood rude tone, checkout 3pm package booked, 12 1:30 staff maids tried walk room opening door apologizing closing, people called saying check 12 remind package, finally packed things went downstairs check, quickly signed paper took, way took closer look room, unfortunately covered food offered charged valet, called desk ask charges lady answered snapped saying aware problem experienced monday like told earlier, life treated like hotel, not sure hotel constantly problems lucky ones stay recommend anybody know,  ",1
"disappointed say anticipating stay hotel monaco based reviews seen tripadvisor, definitely disppointment, decor room hotel envisioned nice, housekeeping staff impressive extremely polite cheery helpful, desk bellmen standard customer service, lots little things easily overlooked broken make mirror sagging post bathroom jiggly entrance handle room did n't feel secure handle nearly falling door, husband early morning flight mid-week asked cab called, suggested cab ride cost double private car flat-rate n't case, knew cost cab 30 car 38 bell staff insisted like 65 taxi ride, cab driver later explained bell staff kick referrals, preferred guests city and/or hotel hotel staff looking best interests, new years planned dining restaurant hotel new year day, came dressed dinner told desk closed holiday, asked nearby response good luck finding today, good luck, thanks help, feature needed hotel business centre work, downstairs service completely semi-funcitional, internet service out-sourced ended spending 50 money n't work no refund 2.5 hours vacation time trouble-shooting internet company toll free service line, asked desk times assistance told, worst experience time asked desk assistance got response included shrug say oh bad, majority staff attitude just simply did not care needed help dared intrude time got snotty response, occasions caught desk girls smirking thought turned n't, talk frustrating, honesty n't wait check, nice decor liked goldfish housekeeping staff great end hotel want dash door n't way not concerned taking greet pretty ignored desk area unless approached, time street westin, saw nothing smiling faces coming going hotel,  ",2
"fantastic stay monaco seattle hotel monaco holds high standards kimpton hotel line, having stayed kimpton hotels cities easily say seattle hotel monaco best seen, service attentive prompt, based member kimpton loyalty program upgraded 10th floor room great view 4th street excellent public library kitty-corner hotel, highly recommend tour public library blown away, room quite spacious beautiful flat-screen television dvd/cd player, exercise room pretty standard kimpton size means adequate not outstanding eliptical cardio machines stationary bikes personal viewing screens, cardio machine screens accept dvd not seen, kimpton hotels hotel monaco line particular hotel lobby stylish quirky inviting, easy imagine spending time relaxing comfortable over-stuffed chairs, restaurant attached hotel sazerac good, far eaten lunch look forward breakfast tomorrow, kimpton properties able connect free highspeed internet ethernet seconds cruising web checking email office no problems, opinion ca n't wrong kimpton hotel seattle hotel monaco certainly excellent choice,  ",5
"good choice hotel recommended sister, great location room nice, comfortable bed- quiet- staff helpful recommendations restaurants, pike market 4 block walk, stay,  ",5
"hmmmmm say really high hopes hotel monaco chose base girlfriend shopping trip seattle, stay say given competition seattle just okay, hotel lot nice features little things detract bedding super soft luxurious comforters pillows, mattress rock hard standard hotel bed kept awake nights, furnishings nice colors patterns fun chair rip wall paper peeling, stayed room 815 noise like fog horn vibrated walls stay, guess water pipes really annoying.on waking morning packages decaf instead regular coffee, took 30 minutes send coffee showed just package, coffee town usa little package 3 tiny dried creamers, supposed coffee service lobby saw, cleared really early, gone 10am, wine reception 5-6 boy better time walk 5:50 like did look manager like trying scope 2nd glass, food plate goldfish crackers, classy.friday night restaurant bar closed 4pm private party, planned eat heard fun bar, bummer add rest.all hotel posters say things like hotel comfort, felt catered comfortable, no staff asked doing said hello, looking visit,  ",3
"service service service spent week g-friend labor day bumbershoot, gray line airporter drops corner hotel 10 person cab 28 total make sure flat rate town car 38. location central downtown street w. it__Ç_é_ quick walk points tourist business, yes space needle bit far monorail westlake center easy walk away, tourist underground tour public market space needle emp, leave bit room luggage shopping great, neighborhood safe clean, room mediterranean suite quite large equipped two-person jacuzzi tub small stand glass-enclosed shower, room no view did not care, room clean small throw blanket adorned foot bed took, tastefully decorated walls striped, trust wont feel like stale hotel, ask gold fish bring well-behaved dog company.service aspects excellent, desk house keeping concierge room service bell desk ready provide warm professional service, test don__Ç_é_ flinch.gym open 24 hours newer cardio machines dumbbells, highest weight 25. water towels tv, gold__Ç_é_ walking distance.gastronomy sazerac worth try not impressive it__Ç_é_ amusing.this visit seattle monaco, like beds westin better prefer monaco afford w. g-friends visit wants bumbershoot year stay hotel monaco,  ",5
"excellent stay, delightful surprise stay monaco, thoroughly enjoyed stay, room comfortable lovely amenities friendly staff, especially enjoyed hour indulgence, definitely come,  ",5
"good value downtown hotel monaco seattle great option pricey area town, rooms w street going close 400 night, hotel monaco unique interesting cozy, bed/linens quality aveda products bathroom nice touch.you close downtown quick cab ride away nightlife restaurants loved lola, experience quirky luxurious fun.i definitely stay,  ",4
"hotel monaco great location service hotel monaco centrally located provides excellent service, recently stayed 4/23-5/1, originally checked slight problem informed booked queen beds expedia room king bed, fortunately fellow guest checking time swapped rooms, future reference booking expedia recommend double checking hotel ensure receive correct room, staff stated better book hotel directly match online rates, additionally concierge marco helpful, sat night called salty make reservations brunch day informed no seats available, following day concierge called restaurant hours wanted dine able book table 5 great window view, hotel blocks away pike place market seattle art museum shopping district walking distance space needle experience music project attractions, ammenities services provided hotel include pet goldfish wine tasting yoga mat use room, seattle recommend taking helicopter tour mt, st. helens hoffstadt visitor center,  ",5
"great location need internally upgrade advantage north end downtown seattle great restaurants nearby good prices, rooms need updated literally thought sleeping 1970 bed old pillows sheets, net result bad nights sleep, stay location, staff friendly,  ",2
"n't mind noise place great, read reviews noise used hotel website book room, interesting site gives checkbox options 1 room farthest elevator 2 room higher floor 3 quiet room, getting quietest room possible checked hoping, got 6th floor 18-19 floors hall elevator listened trucks ambulance sirens night, sheeeesh, aside heating units sound like small plane engines hear surrounding rooms.if noise sleeps facilities clean conveniently located reasonably priced staff quite helpful,  ",3
"loved, stayed warwick overnight getway enjoy christmas shopping, warwick exceeded expectations, staff wonderful extrememly friendly room clean service lounge wonderful, came contact hotel friendly, women bathroom lever lounge well.. think haunted totally creepy vibe lights anywho, really enjoyed stay going couple days,  ",4
"met expectations centrally located hotel blocks water popular nightlife shopping options belltown downtown, classify property star location, paid wedding rate not sure fares value proposition, room spacious little outdated, rooms decent views lower floor drab panaroma parking lot buildings, adequate fitness center sauna pool basement quaint bar/restaurant attached hotel, parking 30 day outrage possibly standard downtown street parking weekend save dollars, willing stay future price significantly lower nearby four-star competition,  ",3
"nice hotel husband stayed warwick 4 years ago liked hotel location did not hesitate book trip.we asked received non-smoking room king bed high floor, hoping hotel nice view space needle, check-in nice friendly, keys minutes nice room small loveseat juliet balcony.love location hotel just block away best restaurants downtown dahlia lounge palace kitchen lola small grocery store/mini-mart right street wine, easy walk pike place market.on site hotel nice restaurant lounge area, ate breakfast hotel drinks lounge/bar times, good service.we did n't chance use did look pool exercise room located basement, pool small definitely useable, exercise room variety machines weights not newest market definitely decent machines, kept neat clean exercise room plenty towels water cooler available.i think ran maid days leaving friendly.we used business center couple times consisted 2 computers free internet printer, just needed ask key desk, nice handy.overall thought staff helpful hotel quiet good location definitely met expectations did stayed years ago, definitely return hope soon,  ",4
"good hotel not large hotel newly decorated, rooms good size clean, excellent location 2 blocks centre town 4 blocks market area.hotel resturant bustling place alot diners coming street, good meal there.overall highly recommend staying,  ",4
"good choice seattle stayed night business booked company, overall satisfactory arrived late evening room 17th floor clean comfortable great view, bathroom little small clean equipped, good night sleep enjoyed excellent breakfast restaurant checking, staff encountered friendly polite,  ",4
"great location expensive parking warwick heart seattle easy walking distance pikes place monorail terminal downtown shops, stayed twice recently start finish tour pacific north west, staff helpful knowledgable rooms large comfy armchair large bedded room, rooms fridge coffee maker.parking site expensive guess reflects city centre parking prices, free zone travel seattle buses cheap free travel central seattle handy grocery store opposite,  ",4
"noise airconditioner-a standard, arranged stay travel agency unfortunately warwick seattle hotel dissapointment trip, 3 night stay warwick changed 3 rooms, starting minute stay hotel personnel didn`t make feel like guest like intruder, reluctant help solve complaints, hotel right downtown 5 minutes really good restaurants like good thing, availability room offered 2nd floor window directly opening car parking level, changed room, 3 rooms loud sound coming air conditioner/ heating unbelievable hotel, hotel personnel told standard noise rooms, tried avoid using night order sleep possible watching tv loudly,  ",1
"good location poor cleanliness warwick hotel great location seattle, close shopping pike place seattle centre, really lets hotel cleanliness, bed linen torn curtains torn floor stains, hotel advertises having balcony reality disappointment, stayed hotel san diego did balcony table chairs, warwick balcony 10 inches.the view rooms view space needle terrific does n't make poor cleanliness, check staff pleasant nor unpleasant decided not sample restaurant, ralph deli street great snacks cafe.there plenty better hotels seattle slightly money warwick choose e.g hotel andra,  ",2
"good place spending big bucks warwick plenty comfortable nice, nice view space needle room, n't expect balcony, just 18 inch ledge ironwork falling overboard, open patio door partially step view lake union elliott bay, morning space needle hidden clouds, neat sunny weather cloudy, needed warwick, no complaints,  ",4
"nice hotel trip seattle wanted stay downtown, good rate hotel decided stay warwick, clean stayed 17th floor excellent view space needle downtown, nice able open sliding door let cool air, bed comfy pillows not, room clean parking not problem use hotel parking, staff friendly helpful, ask key business center 2 computers, needless say hassle use computers acquire key, restaurant good breakfast, hotel not walking distance major attractions like stated, space needle pike market 20 mins away walking opted drive there.we pleased hotel stay,  ",4
"great value seattle spouse stayed warwick seattle days september, hotel does not disappoint reasonably priced stay downtown area, easy walk sightseeing attractions blocks waterfront free bus seattle figure worked research, room king bed spacious nicely appointed comfortable plenty pillows, coffee room course great seattle, bath finished marble deep tub hand-held shower nice touch, toiletries average not huge consideration, complaints concerned desk, reservations trip leg olympic penninsula decided cancel second reservation, arrived hotel day travel desk clerk kept waiting minutes hello, moved second desk clerk free told reservation not, no attempt look, walk stairs parking garage confirmation luggage did reservation, following day office tried told n't staying, parking 21/day pretty steep option parking seattle scarce, hotel does n't shuttle option cab 30.the hotel restaurant adequate really great breakfast walk block mayflower park hotel pricey fabulous,  ",4
"gem hotel absolute gem, small great service, room not huge certainly adequate clean comfortable, ask room high floor great view downtown space needle.best attentive staff, concierges friendly helpful, shuttle drivers went way literally, victoria ferry pick, convenient.would recommend,  ",5
"pretty good value visit seattle frequently, 1 2 days longer, staying 2 nights not worth especially hotel raised rates lately, recommend ramada steps away, staying longer time perfect, especially families, fancier hotels town warwick satisfy families especially expensive suites, swimming pool bit dark balconies acually just big step windows views location perfect, small restaurant dont overpriced does not offer better food downtown,  ",4
"average nice stay hotel amazing location great restaurants gourmet grocery cinerama 1 block radius, macy nordstroms shopping blocks, mattress comfy, amazing sweeping view space needle lake union downtown elliott bay, great pool gym facility, room service nothing write home, n't pizza, parking 21, yikes, old building nicely remodeled,  ",4
"bad choice, booked hotel hot wire called immediately requesting nonsmoking room king bed room away elevator/ice.the person spoke pleasant stated not guarantee requests honored make note reservation, check-in person desk rude said no special request noted reservation card andstated no king beds way reservation stuck 2 double beds, located directly accross elevator ice, nonsmoking, no elevator parking garage hotel, warwick mats garage filthy stairwells, hotel faces 4th smells urine, carpets registration elevator area need cleaning, upholstery curtains room needed cleaning andpressing sign bathroom water conservation tub facet dripped continuously, tub drain needsattention shower curtain holes, no coffee maker room, bedding did not fit bed sleeping directly mattress bedding askew, staff unfriendly short, housekeeping staff quite pleasant, stay hotel,  ",1
"good value hotel stayed warwick times past years spent night march 25 2005. room fine king bed tv pay view movies mini-fridge, thing missing coffee maker, nice marble bathroom hand held shower, view east hotel space needle time viewed 2 westin hotel towers, price right got 10 miles aadvantage card, fly ointment 21 overnight parking charge, definately come location great,  ",4
"warwick bad good reviews warwick shocks staff quite rude rooms fairly dirty, cut asked bandaid did not, requested bottle opener did not better service,  ",2
"great service warwick just recently spent 4 days christmas holidays warwick, helpfulness care courtesy experienced desk restaurant room service housekeeping staff truly average greatly appreciated, restaurant turned fabulous meals time certain operating skeleton staff, thing prevents giving place excellent rating following hotel tired, old dirty carpets bedding expect hostel, given price range rooms face lift necessary,  ",4
"austin powers decor familiar, hotel seattlewhere sheets 3 different colors hair.but okbecause clean second day.the bathroom friend cringe.she asked brought flip flops sanitizer spray.the dirty shag carpet did n't stop wall.it crawled inches.i star saw shining worse,  ",2
"great location n't stay long needed place stay seattle prior catching early morning amtrak train portland, looked train station not, dropping hertz car hilton downtown just wanted place spend night, called hotel seattle based location tourist map near hilton, did n't access internet research reviews did not stay, location great virtually door high end hotels, half price hilton thought try, checked asked aaa discount clerk response, time heard hotel desk clerk not knowing aaa, room used low budget movie version run hotel threadbare carpets dingy curtains not quite hanging right minimal lighting strange hanging light middle room dingy bathroom, definitely dingy did not appear obviously dirty, no a/c luckily did n't need, bed not particularly comfortable little boucy people definitely gravitated middle, no clock room did wake requested.it ok spending night n't want spend, positive great safe location quick taxi ride train station shower great, not invested low flow shower heads water pressure really high, really enjoyed conversation desk clerk morning, mentioned clerk previous night heard aaa told clerk moron owner not asked interview, went say check reviews trip advisor listed worst hotels seattle, got ta love type enthusiastic employee, worked night, friend day clerk did mention nicer rooms, definitely n't want not nice ones, recommend ask room committing,  ",2
"pay read reviews booked knew getting, mind n't surprised, fact better expected, yes rooms outdated towels floormat limited cable tv overall lack amenities use hotel, reviewer said like budget overseas hotel stayed similar condition just enjoyed experience, check desk service great, asked extra pillows maid got, spent 5 flowers pike street added character room.location, friends stayed fairmont street stayed 3 nights night cost, money went dinners trip victoria baseball games,  ",3
"not bad location unmatchable price range, simple sleeping room 80 expect pay 2x, surprisingly cleaner hotels seen past week driving la staying travelodge days inn motel 6. quality furnishings high, sure little run spots just old building usual character flaws none affected comfort, lucky corner room especially nice look w know paying 250+/night, bath worked n't care watch tv vacation no idea worked want believe comments feel free, mean room come,  ",3
"remarkable hotel needed days booked inn based tripadvisor reviews, great hotel, staff professional accomodating, town car service available airport immaculate rooms spacious bathroom great location, not great hotel price great hotel, room facing inner coutyard no problem noise, rooms face st. noisy, location excellent downtown seattle.went attached restaurant bacco breakfast cafe champagne dinner, excellent,  ",5
"great location friendly staff stayed hotel easter throughly enjoyed time, superably located exploring seattle especially market rooms good size.the staff not friendly helpful reception area welcoming.our room exit stairwell night hear rumbling assume like air conditioning pipes,  ",5
"excellent way stayed inn market memorial day weekend, room large great view water sure request way advance, hotel quiet fully booked crowded, service impeccable staff well-mannered friendly, ca n't fault anything.it great location right pike place market near lots great restaurants like etta chez shea,  ",5
"amazing location great views fabulous boutique hotel adjacent fish market seattle, stayed short night heading vancouver island honeymoon loved, service great desk pointed great spot sandwiches 10pm sunday not easy, hotel adorable chocolate covered strawberries room decorated like bride groom, thoughtful cute touch, did n't time explore area hotel room clean pretty view water/market bathroom nicer standard hotel bathroom, brunch morning little breakfast place tasty hit spot drive ferries.oh hotel cool outdoor patio higher floors offers really incredible views.a stone throw pike place market,  ",4
"outstanding choice reserved city view room night week, checkin helpful desk staff amy gave complimentary upgrade 8th floor water view, access large deck overlooks seemingly, checkin housekeeping valet services checkout smooth friendly, pike place market close silly, staff great recommendations breakfast dinner trying steer house restaurant stay say absolutely excellent, rooms clean appointed, no reason not reserve room time-althought fairmont better choice kids come,  ",5
"great hotel great hotel, good sized clean rooms, helpful staff, unbeatable location, walk door pikes market original starbucks, hotel walked underground tour monorail space needle duck tours, stay,  ",5
"expensive, not biz travellers, simple fact hotel location simply unbeatable.. mere stone throw away pike market, plenty great restaurants generally fun area, tourist, quality hotel so-so, not place business travellers, bit hard especially just returned trip hk stayed conrad hk wynn macau, compared inn feels like motel 6. issues:1. no desks rooms place laptops, wireless internet no place work bed, 2. furniture coverings worned just outdated, 3. room 409 city view room, room date, avoid cost window sits right bus stop, claim windows double paned hear buses roaring engines, sleep ear plugs desk, 4. ac standalone unit attached wall, not central, standalone unit quite bit noise, looks cheap tacky, 5. no business center, fax machine located basement hotel, price pay paying location, staff extremely friendly, folks check fried doughnuts dhalia lounge,  ",3
"nice place, lunatic 20000+ miles flying space days night kill seattle early trans-con flight nyc, night original plan needed hotel none prebooked.this place recommended just block excellent irish pub kells just happened ended in.just room left 220 tax.excellent friendly staff lovely decor big rooms im used nyc rabbit hutch big spacious views water free wi-fi just need ask reception access code, place spotless nicely decorated individual usual bland chain hotels sadly prevail.the area felt fine-in limited time safe near bars shops usual stuff, no drunken noise street either.it quiet comfortable slept well.normally like add pictures reviews length stay lack ca n't time- sorry return seattle list hotels use, try,  ",5
"okay not amazing husband stayed weekend night, spent time trying great place stay seattle, read tripadvisor reviews saw listed tl 500 hotels, like pretty good bet fantastic place, great fine just not really amazing little boutique hotel expected reviews ratings, thought room nice not incredible, service better, woman desk friendly got things wrong, note visiting seattle try eat canlis, incredible meal,  ",3
"boutique charmer great location wife recently spent 5 nights inn market attended convention, nice time small comfortably furnished hotel great location just hill pike place market, walk convention center 8 blocks east pretty easy steep 1/2 block adjacent hotel, number trendy restaurants walk north ave. pioneer square old stone buildings charming pergola south road, course market 1/2 block west food stands boutiques fish flower stalls handicrafts jewelry tables entertainers ethnic dining options spill narrow alleys covered arcades, pleasure wake morning grab eat nearby watching small trucks vans unload wares vendors set tables.our room corner overlooking city spacious lots storage space wardrobe large bathroom, sink pedestal-type spreading toiletries limited glass shelf nearby small table/shelf unit, hear traffic noise street annoying did request lowest-priced room city n't expecting total silence closed doors, rooms window seats pillows nice feature makes rooms appear bigger provides additional seating good spot reading people-watching, decor contemporary beiges browns blacks predominating, good weather upstairs terrace nice place sit enjoy views bay market.the modern brick building surrounds pleasant courtyard splashing fountain/sculpture adjacent outdoor seating hotel restaurant, lobby opens courtyard fireplace stuffed chairs registration desk helpful staff operates.we enjoyed time, hotel nice option n't want large convention hotel central seattle location, aware seattle does share street people couple strip clubs near pike place market,  ",5
"loved inn inn market awesome, not beat location right market, room large beds really comfortable, room partial view elliot bay, n't miss rooftop deck best view seattle short space needle, staff friendly, highly recommended, staying future,  ",5
"n't asked better hotel experience, hotel perfect, stayed townhouse suite nights wish stayed month, soon walked room opened windows million dollar view, skyline city pike market literally 50 feet away water mountains distance, room levels kitchenette living room downstairs bedroom bathroom upstairs, bose radio great fact turned television, beds really comfortable linens top-notch, okay service word fantastic, extremely important greeted casual genuine manner time enter leave hotel eye-contact sounds easy rarity today hotel market, no matter came went greeted smile eye contact really love, staff helpful went duty ensure taken care knew great places wonderful restaurants dine at.some hotels just n't inn market definitely understands excellent service hospitality, stay small intimate property like taken care monstrous hotel, kudos staff management making fabulous hotel experience,  ",5
"nice needs undating husband stayed inn market celebrate birthday overall stay wonderful, enjoyed two-story suite incredible view market sound, quiet location perfect, complaint hotel needs better job keeping maintainance, room major scratches walls stains carpets, cracks bathroom tile significant signs wear bathroom, price expected regards quality upkeep, hopefully management pay attention keeping lovely hotel fresh lovely,  ",4
"wonderful location great beds pretty rooms inn market lived positive reviews, tourists car location n't better, countless excellent restaurants easy walking distance, rainy able explore area race hotel warm got wet cold socal little tolerance weather, staff friendly view deck glorious dark day, room spacious beds extremely comfortable, hotel stay seattle great fun uncooperative weather,  ",5
"tempur-pedic beds, minute literally driving past way hotel decided stay, great, staff extremely helpful accommodating room really comfortable clean location excellent, atmosphere location hotel great choice previously stayed grand hyatt returning, room internal facing left bit loud tempur-pedic mattress huge bonus fun try, way restaurant courtyard desk staff suggested try turned excellent, view deck great, stay,  ",5
"loved inn stayed inn market 7/11/05 7/18/05, location hotel perfect sightseeing getting seattle car n't want drive seattle, pikes market street waterfront steps monorail space needle short walk plenty great places eat short walk cab ride, service conceirge staff inn terrific, helpful recommending arranging sightseeing excursions mt, ranier whale watching vineyard tours etc., complimentary town car available trips downtown area, great help dinner reservations, rooms immaculate, twice day room service included turn evening fresh towels, decor rooms modern elegant, n't miss roof garden area great view puget sound, great place unwind end day bottle wine, definetly return inn,  ",5
"worth money location recently stayed inn market returning having stayed 1999. best location seattle particularly shopping, hotel nice rooms nicely furnished not breath away rooms, views risky goes seattle sit room watch world, beds tempurpedic incredible count great night sleep, 1999 staff excellent, requested room floor terrace met request pleasantly, guests advantage terrace, nice evening shops pine street purchase nice bottle washington state wine snacks head terrace watch ships leave sunset, relaxing romantic, staff assist wine glasses, needed,  ",4
"hated inn terrible, room-service horrible staff un-welcoming, decor recently updated lacks complete look, managment staff horrible,  ",1
"loved inn husband wanted romantic away night, inn perfect met imagined, rooms clean quiet comfortable bath robes nice touch, staff helpful, location great good restaurants walking distance market right fun visit time free bus service close visit sites city, beware parking hotel valet costs 25.00 night, mentioned desk person not away cost not mentioned web page, expected pay removed charge, great customer service, wonderful deck overlooking puget sound, recommend inn planning long visit just romantic away,  ",5
"ace not place husband stayed ace hotel seattle nights excited book room style hotel far alley floral bb motel 6. happy impressions, room decent sized bright corner windows it__Ç_é_ pictured website shepard fairey wall, asked desk clerk parking does state website street parking available, n't tell got street parking stay 8am start charging.__Ç n't lot info drug luggage room, headed bed things got worse, bed size not listed website assumed queen, beds sized sleeping comfortably little difficult n't sleep happening room, room bar loading/delivery zone corner bus stop, noise staggering continued night morning wake early feed meter, glowing light hall showing window door annoying saw turned, day requested fairness rest staff dealt nice accommodating unable following night hotel, plus shared bathrooms issue finding free breakfast did include coffee tea fresh waffles toast granola juice yogurt apples, piles good magazines available guests robes rooms use, second night slept slightly better used earplugs not acceptable solution did wake early deal car, night moved smaller interior room considerably quieter downed music hear fan hall bathrooms, room walls definitely felt like dorm room, did sleep better, recommend hotel traveling friends not plan doing sleeping loud roommates come home drunk play loud music time, location good walking attractions like space needle market did good restaurants nearby, just don__Ç_é_ know stay,  ",3
"pay location location perfect walking distance, lot stairs bags problem no elevator available clean noisy woodden floors hear rooms street, breakfast included good, conclusion good compromise,  ",3
"ace grunge lives does mold mildew tiny bed metal sink cool extra instead nightsta,  ",1
"ace hotel, reasonably priced hotel great location seattle, spent nights room staff great, communal showers immaculate queue, breakfast great, bit street noise coming floor ear plugs room, highly recommend bar cyclops hotel,  ",4
"disappointed arranging anticipated girl weekend friend escape children excited sleeping night, children want enjoy hip places cool design stay boring run-of-the hotel opted ace hotel digs, order ensure maximum uninterrupted sleep booked separate rooms, arrival hotel informed hotel mix-up online reservation room small queen-sized bed supposedly deluxe room, normally suck accept just simple mistake time really annoyed, irritation partially attributed overall nonchalant attitude uber-cool reception person did n't really attempt compensate slightly lower rate room, fact checked reservation printed sheet refused let look friend asked wanting cross-reference information sheet written reservation, strange appeared mistake did n't want admit quick blame online booking, inference fault booking online, add insult injury told shelling small fortune parking lot street parking reduced rate lot not easily marked, room dingy not charming photos web-site suggest, did couple rooms walking corridors looked lot better room did.anyway aside great location decently priced overall experience just n't impressive, days later received email hotel thanking staying hope enjoyed stay responded email outlining frustrations accomodation, not like time really needed air dissatisfaction, hotel manager replied apologetic email offered discount later night stay redeemed 1st 2008. like positive response negative experience planned return hotel husband romantic away, so-called compensatory offer acknowledged, multiple attempts contact manager specific date weekend messages nothing, did not return messages, n't know happened no reply, guess hotel does n't need business experience isolated case, event not planning stay ace time soon,  ",2
"ace hotel awesome, stayed seattle ace hotel 5 days loved, great location belltown directly opposite macrina bakery quite possibly best breakfast/brunch/lunch place seattle wtih fabulous baked goods.all staff friendly helpful, check-in friendly receptionist forgot ask sorry, gave 4 fabulous food recommendations city tried loved, foodies extemely important good recommendations locals.the room small totally adequate shared bathrooms shower rooms spotlessly clean, enjoyed simplicity hotel little extra touches like adjustable lighting music bathrooms free current magazines available lobby, breakfast granola really yummy too.for location amenities price say ace hard beat,  ",5
"perfect way, stayed ace seattle short time august, perfect hotel, things need none things n't, great design super comfy great location, staff friendly knew cool places helpful way, rooms super stylie great art ammenities really need, loved place planning make sepcial trip portland check ace portland apparently turntables rooms library vinyl check,  ",5
"interesting comfortable base seattle really enjoyed time, interesting decor unique touches, super clean tidy bathrooms shared spacious clean available, breakfast adequate fresh simple quite healthy nice change usual cardiac inducing breakfast fare served hotels, definitely stay,  ",4
"great hotel non-traditional stay true feel seattle, actually stayed ace 2 new years eve ago live seattle, popped occasion make sure route friends people visiting seattle ace.it downtown busy street 1st ave rooms interior no view.but rooms funky modern room bath bath robes just fun, ok shared baths little noise ask room facing street hotel best neighborhood seattle- accessible seattle center tons great bars restaurants casual try belltown pizza cyclops- surprise great food stiff drinks nicer meal try zoe breakfast walk street macrina bakery morning glory rocket muffin- food places 5 blocks ace hotel fish market/pike place waterfront downtown shopping, couple blocks ride zone buses want downtown.if want standard not place, want experience seattle willing roll punches want little adventure ace hotel fit perfectly, cant beat price downtown seattle,  ",5
"stay clear, internet reservation friday rang hour later add thursday booking, thursday rang let know arriving late said no problem, arrive 10.30pm hear oh n't booking tonight, n't room, total apathy not concerned, says sorrys looks reservation book sorrys apathy, finally says bb door calls authority hangs says sorry times, incompetence management employees, completely soured trip, stay away,  ",1
"single rooms like hospital rooms single rooms hotel sparse intentional know ugly like trapped hospital white walls sink basin room small rectangle shape.the beds hard rocks blankets rough really noisy.this overrated hotel stayed fan stype hotels,  ",1
"nice hotel husband stayed crown plaza spring break, arrival told given room beds booked king bed, matter resolved quickly, staff helpful met requests, room large clean quiet great view, location hotel decent, overall great experience, really no complaints said elevators bit slow, stay,  ",4
"seattle crown plaza not worth money got late hotel 1230pm gave away reservation king sized bed travel/business days booked hotel, girl reception desk asked b/c late blamed day shift giving away room 4pm, thing said nothing proceded offer breakfast change room morning, rude not make good eye contact ask manager, did n't manager morning, days people helpful pleasant deal, hotel accomodations, old need lot renovations, example wallpaper bathroom peeling, got king bedroom gave corner room probably inconvenience, furniture did not fit room, tv small dressers small, tried use safe room broken, immediately called desk asked help, days later checked addressed, good thing food, breakfast buffet healthy good, lunch manager trying make poorly trained employee clam chowder salmon spinach salad crab cakes really good,  ",2
"priority award floor, 32 member hilton honors priority award intercontinental chain, use hilton properties chose not pay 250.00 night seattle hilton.i given gold hotel room key checkin room 32nd floor, view quite impressive good experience ended, 32nd floor reserved priority members lounge complimentary appetizers evening, room adjacent elevator lounge, dinner returned room 9:30. 10- 12 pm/am lounge cleaned hotel staff vacuums going employees chattering making incessant noise cleaning commercial office building no regard guests priority club no floor, management clue lounge cleaned 8-9- common sense.finally posters indicated right elevator shaft hear, waited 10 minutes elevator arrive 5:00 pm, taken clue saw earplugs sleep kit bed check,  ",2
"great hotel hotel nice room really comfortable clean, location pretty good blocks pike place market waterfront, definitely stay seattle,  ",5
"great stay elevators, agree previous posts hotel elevators, stayed 4 nights 8/5 8/9, checked room early given corner club room 34th floor fabulous views elliott bay space needle lake union, bed great, think slept better weeks, morning club level continental breakfast afternoon snacks good, ordered room service twice just pizza sandwich arrived promptly, pizza actually pretty good, impressed desk personnel called time saw, mishap locking room, gown putting room service tray housekeeping pick, duh, went hall heard people rooms knocked, let use phone desk, security guard showed 3 4 minutes, used service elevator apparently freed public, elevators complaint stay, business seattle definitely stay crowne plaza, like poster just plan leave early catch elevator,  ",5
"holiday inn, 1st time seattle delayed anniversary trip wanted stay nicer hotels room reminded holiday inn level hotel, plain room extra pillows, bathroom ordinary corian sink ordinary bathroom, room higher floor looking freeway loud, reason earplugs sleep cd, asked switch rooms told probably stay way stay 2 nights staying hotel different area town, luggage room decided eat, stopped concierge asked good place walk rudely told just walk area, not sure concierge doorman just sitting desk expected help, decided night hotel come day earlier happily said, used club points crowne rooms maybe lousy experience opted leave pay room luxury hotel hotel 1000,  ",2
"stay liked good rate hotel room 24th floor, great view, room nice clean liked sleep aid includes dvd lavender spray pillows eyemask earplugs, did n't notice noise walked baseball game maybe tired, staff helpful friendly, stay seattle somewhat frequently business stay, parking expensive seattle..welcome city,  ",4
"good location value downtown stayed town conference convention center little expensive downtown hotels, able book club room rate regular room hotels, included continental breakfast club lounge pastries cereal fruit early-evening appetizers charge alcoholic beverages got room high floor great view city, gave coupon free appetizer bar.the hotel convenient business convention center minute walk park street directly convention center door, fine decent gym ok bar, stay try book club room visit seattle,  ",4
"good experience having booked minute escape university tower hotel review proved excellent minute find.central clean rooms good views albeit rooms exec levels n't exactly spacious.try book executive rooms possible good choice breakfast hors d'oeuvres day makes overall package palatable.restaurant little pricey good food staying night skip try benihana just road hotel great food atmosphere,  ",5
"pleasant experience location hotel good convenient walking distance, room 34th floor club level facing water view spectacular, room large newly furnished marble bath comfortable king bed, elevators fast 3, lounge small drinks pricey, service average check-in prompt courteous, club level includes continental breakfast money time-saver mornings, good experience hotel experience similar crowne plaza hotels, gripe did not make reservation directly hotel told stay non-qualifying priority club reward points, annoying silly rule make think twice booking hotel group, crowne plaza hotels unlike marriott hotels smoking rooms available, smoker good news not sure request non-smoking room,  ",4
"worst hotel experience booked nonsmoking room online weeks advance stay crowne plaza downtown seattle, arrival desk staff asked consider smoking room, completely unacceptable family clearly stated no not consider smoking room mainly concern infant daughter health, particular staff member went speak quietly desk staff member agreed particular room, entered room smell cigarette smoke apparent not imagine desk staff intentionally smoking room informing, days later discovered ashtray matches checked desk discover fact smoking room intentionally not kept reserved nonsmoking room, clothes belongings baby reeked cigarette smoke.in addition appalling lack concern health wishes room not serviced night stay, asked desk manager room not serviced checked housekeeping informed not disturb tag door did not disturb, not case tag inside door entire time anxiously awaiting staff garbage dirty diapers replace towels, desk manager offered pathetic compensation complimentary hotel breakfast family exposed carcinogenic cigarette fumes days not having rooms cleaned, definitely stay crowne plaza hotel,  ",1
"close convention center just stayed seattle crowne plaza feb 11-13. got great rate 65/night hotwire, checked saturday afternoon 1pm, got room 23rd floor directly elevators, did n't really hear noise hallways elevators air conditioning pretty loud covered outside noise, 2 double bed room nice view i-5, son loved view cars freeway, asked king bed lady desk said did n't available, wondering people book hotwire rooms elevators, mom assigned room elevator booked hotwire, room pretty spacious, room 2 1/2 year old son play toys, bathroom pretty tiny, shower regular sized good water pressure, conditioning shampoo mouthwash lotion facial soap supplied, crowne plaza does try add little details noticed room, arrival little red bag filled ear plugs eye mask linen spray bed, cd soft music, bathroom nightlight curtains clip light, nice touch, beds decent, room quite dry hard sleeping throats dry.the main reason seattle visit northwest flower garden held convention center, hotel good location, able walk freeway park end directly 4th floor entrance convention center 5-10 minutes, pacific place shopping center 5 blocks away westlake 7 blocks away pike place 10 blocks, walking night little scary lot homeless people lot people smoking weed begging money, did n't exactly feel safe, day ok.there no self-parking hotel, valet service, quite expensive 27/night, did notice public parking lot block 12/day.overall nice stay crowne plaza, stay got hotwire rate,  ",4
"not bad clean comfy friendly good average hotel, looking ritzy n't place, decent view higher motel expectation ca n't afford ritz type hotel place not bad.as hotels downtown parking valet 25, better trying park street, room clean courteous friendly desk valet,  ",4
"loved inn queen anne really great stay, great staff continental breakfast locationsuite included bedroom lounge room kitchen 2 walk-in robes den,  ",5
"quaint not rundown son decided celebrate graduation high school trip seattle, chose inn queen anne proximity experience music project space needle funky shops eateries nearby, hotel described quaint pictures hotel website nice gave shot.upon entering hotel greeted carpet lobby filthy torn, uh-oh thought not good sign, desk overbooked paid confirmed reservations late arrival 2 weeks prior room left 2 beds, took hurriedly left things room grab quick bite, returning getting bed noticed room no a/c windows not open son double bed clean twin hairy sheets closet, not talking old fashioned wall pull-out bed-this actually tiny twin bed stuffed closet, went kitchenette leftovers fridge fridge mold did not work, went desk complain told nothing sucked tried sleep, took sheets bed used sons blanket eventually closet got stuffy jumped sons bed fan, morning experienced plumbing issues toilet shower bugs bathroom, packing looked bed make sure got discovered possessions stayed did, housekeepers did not clean beds change sheets, canceled rest stay decided leave seattle drove anacortes stayed cap sante inn- palace compared night before.i wrote manager queen anne requesting refund, received letter saying refund not given gave coupon stay, use, word quaint queen anne uses advertising not rundown.my advice anybody staying check room white glove inspection make sure working order agree stay it.by way queen anne policy reserve room charge card immediately not refund 72 hours advance cancellation, ridiculous,  ",1
"comfortable apt.-style hotel enjoyable stay price amenities, european-style hotel, building old furniture classic style comfortable, no a/c upper floors able open windows, terrific grocery nearby metropolitan market good restaurants, seattle center space needle experience music project science center, far pike market waterfront inn shuttle available day, parking tight, limited hotel spaces usually parking street fee 1-2 hours, parking 6 p.m. free streets car 8 amreported slow toilet fixed immediately, staff responsive,  ",4
"not bad place stay short term n't expect, want roominess amenities not walk stairs not place you.if day just need place sleep shower fine place, rate good compared lodgings city.it old 1920 built twin apartment buildings retired priests nuns, building sisters priests.our room queen bed large walk-in closet kitchenette bath, clean adequate night stay.the staff friendly bellboy..adam nice helpful, stairway funny smell mildew like room no air conditioner no smell, temps hit 90 open windows ceiling fan bearable, hot temperature seattle rare.this street city center old 1962 worlds fair site space needle park amusement rides short walk away, monorail 2 ride downtown, walk free public transportations pioneer square pike markey waterfront.if arriving air rush-hour period suggest let hotel book towncar, 45 plus tip taxi ride rush-hour expensive, stuck traffic nice not meter, went taxi 5 a.m. sunday cost 35 plus tip,  ",4
"excellent stay staff friendly helpful, nice hotel price, supermarkets restaurants close proximity, ideal location space needle, breakfast included added bonus, rooms big spacious, overall nice experience relaxing,  ",4
"return going seattle booked hotel knowing budget hotel, check-in friends met friendly warm welcome, rooms read reviews simple charming, beds-ok bathroom-ok really big closet nice little kitchenette.the breakfast not described great experience needs little kitchenette, bring coffee lobby prepare bacon eggs bought supermarket located not 150 metres away.what stay great experience friendly staff especially dana conveniant compementary shuttle service low price great location, 10-15 minute walk city center 2 minutes key arena 20 minutes hooters restaurant 20 minutes pike market 8 minutes space needle.///anders friends,  ",4
"terrible hotel approximately 2 weeks ago april 25 2007 reservation hotel night 19 2007, wrote follow-up request reply advised reservation cancelled overbooking.i wote giving reservation number just wrote just saying sorry making no effort room nearby hotel, rhe emails brigeta operation manager, not written approximately 2 weeks stay positive left scrambe new hotel lobby inn queen anne.i practice unforgivable especially light having resevation number guarenteeing room 19 2007. point making advance reservations hotel suddenly cancel little advance notice sincerely greg scanlonsan francisco,  ",1
"great price okay experience stayed inn queen anne nights mid-january 2007. price good 79/night room fine, old shabby clean comfortable, having kitchenette microwave stove sink fridge great room surprisingly large walk-in closet, service friendly no warned desk staff leaves 11:00 pm, calls desk hour fielded staff hotel problem example needed request iron ironing board morning n't able guy hotel n't queen anne answer phone, inn queen anne no elevator n't problem big problem some.the downside noise, hotel no soundproofing rooms night bed 2:30 ask next-door neighbors kind party going hold, morning plumbing noise deafening morning awakened 6:00 pm showers rooms me.however location great hotel just north space needle smack middle seattle bohemian-hip neighborhood, excellent cd shop just corner restaurants safeway, deep sleeper n't need first-class accomodations hotel good bargain,  ",3
"great people great location took wife birthday surprise, stayed fact raffles plaza l doubt feeling change.we booked club room expected, took breakfast restaurants came know chef, l not knowm breaky delight picked served head chef.location excellent staff reception club lounge conceirge excellent.it pleasure not ripped taxis again.absolute recommendation,  ",5
"great location stayed stopover australia 2 5 yr olds, great location easily shops/cafes going outside humid, hotel great pool renovation reason booked hotel, disappointed offered shuttle bus use pool 2 hassle stroller didnt room 2 double beds fabulous bathroom, breakfast included amazing food want, staff friendly helpful stay.short walk merlion singapore flyer mrt right, perfect location lovely hotel,  ",4
"great location reasonable hotel overall happy stay n't niggles.we stayed en route sydney new zealand nights, booked raffles plaza, overall worked rate paid.good upgraded hotel busy having booked early, north tower executive floor, n't allowed use executive lounge 11 year old fine.- room large comfortable clean, great views high floor esplanade padang city, location great raffles booked afternoon tea suntec mall did hippo tour, walkable national musuem.- bell boy sweet son.could better room rate check-in reservation, quite conferring management original rate confirmed.- no bed 11 year old despite emails initial booking correct got lost, phoning reception said sin 30 night additional cost, returned reception emails original rate finally agreed.- went food bed n't returned, probably took 3-4 hours bed, overnight flight london finally got bed 2300 having son sleep bed.singapore general really enjoyed, recommend afternoon tea tiffin room raffles, couple tour groups sensitively sat smaller parties slightly separate area nice, encouraged leave main lobby nice touch, book ahead booked ages advance saturday, definitely no getting day.- night safari- national museum including history singapore wing,  ",4
"beautiful i.m, pei designed hotel i.m pei designed hotel reminiscent seasons hotel new york, graciously checked karen informed travel agent booked two-bedded room, explained celebrate 25th anniversary king sized bed appropriate immediately congratulated changed room asked prefer champagne red wine.we little use concierge wonderful doorman unfortunately forgotten showed concern answering questions making recommendations providing directions required nothing additional, let leave hotel sure going wished good day.our room lovely bathroom impressive tub big perfect place share champagne wonderful overhead shower occupied balance bathing room seperated sink toilet areas glass wall, modern furnishings great view city enhanced experience.the international buffet breakfast included package opulent tasty served alongside lovel duel pools.i highly recommend hotel,  ",5
"excellent, read reviews sure booked room north tower got tot check desk told upgraded junior penthouse suite not sure completely random honeymoon way nice surprise minute later person checking said oh sorry sir mistake not upgraded toa junior penthouse suite penthouse suite, wentm nit sure expect room apartment 2 sitting areas huge dingin table remote control curtains round huge bathroom extra storage room amazing surprise balconies round beautiful view floor hotel regretted 2nights, hotel staff helpful information needed assistance did n't experience 5 charge texi service just hotel wait taxi no extra charge knew hotel right mall bar makes pretty interesting cocktails famous long bar road bnch bars restaurants couple od minutes away happy location helpfulnes staff highly reccommend hotel not sure south tower sure booked north tower told little dated,  ",5
"fairmont hotel singapore splendid, stayed fairmont singapore nights february chinese new year, plaza suite 23rd floor large clean devine, view overlooked historic raffles hotel, turn service evening, large bathroom raindrop showerhead beautiful appointments, bose sound electronic blinds, breakfasted plaza floor restaurants choose, shopping plaza directly hotel, restaurants budget star close proximity, stocked supermarket complex, short walking distance key attractions, staff doormen housekeeping helpful welcoming, simply best hotels stayed world, ca n't wait return,  ",5
"great hotel stayed hotel night route perth christmas, great location easy reach changhi singapore clean efficient underground, room modern clean staff polite helpful, booked hotel raffles plaza not understand mistake raffles, booking need look hotel photos read description look prices know not, raffles literally road stop long bar famous singapore sling nutshell covered floor,  ",4
"great hotel centre stayed 5 nights room overlooking memorial cricket pitch downtown, lot like hotel rooms big need great bathroom, lobby attached shopping mall numerous places eat western oriental food including new donut shop queues extraordinary, pleasant pool area 8th floor small pools, quite restricted place need early want lounger.the hotel good spot walk places orchard road 15 mins away hop mrt, old raffles hotel road try entertainment floors swiss hotel door views great especially night.you ca n't far wrong singapore hotels good no exception certainly worth stay,  ",4
"great location great value great hotel husband stayed 3 nights start month long tour far east australia.our stop perth australia australian friends recommended singapore stop-over help jet lag, worked jet lag time arrived perth, unfortunately did bad jet lag singapore.we absolutely loved stay raffles plaza, fantastic value money brilliant location right opposite raffles really helpful staff.after long trip edinburgh raindrop shower fantastic deluxe room, room great views lots clever electrics e.g, automated curtains lighting controls bed, breakast included deal class, sitting pool area morning lovely, concierge friendly highlighted places map, hopefully singapore soon definitely stay,  ",5
"lovely hotel great location stayed vacation touring asia, thought raffles plaza just looking, decorated maintained, staff professional, large room nice extras bathroom toiletries robe slippers, walk right hotel stores restaurants, huge mall hotel connected good food, raffles hotel right street,  ",5
